domain,effective_domain,rank,category,region,connectivity_status,has_ipv4,has_ipv6,ipv4_addresses,ipv6_addresses,response_time_ipv4,response_time_ipv6,error_message
imdb.com,imdb.com,36,Entertainment,Americas,ipv4_only,True,False,52.94.225.248; 52.94.237.74; 52.94.228.167,,,,
webmd.com,webmd.com,65,Health,Americas,ipv4_only,True,False,207.231.204.56,,,,
whatsapp.com,whatsapp.com,7,Messaging,Global,dual_stack,True,True,157.240.8.53,2a03:2880:f219:80c5:face:b00c:0:167,,,
mayoclinic.org,mayoclinic.org,66,Health,Americas,ipv4_only,True,False,129.176.1.88,,,,
mlb.com,mlb.com,74,Sports,Americas,ipv4_only,True,False,34.102.163.158,,,,
hbomax.com,hbomax.com,41,Streaming,Americas,dual_stack,True,True,3.168.86.47; 3.168.86.85; 3.168.86.36; 3.168.86.123,2600:9000:2804:d000:4:6cac:8b40:93a1; 2600:9000:2804:5e00:4:6cac:8b40:93a1; 2600:9000:2804:3200:4:6cac:8b40:93a1; 2600:9000:2804:fa00:4:6cac:8b40:93a1; 2600:9000:2804:2e00:4:6cac:8b40:93a1; 2600:9000:2804:4600:4:6cac:8b40:93a1; 2600:9000:2804:8000:4:6cac:8b40:93a1; 2600:9000:2804:4400:4:6cac:8b40:93a1,,,
accuweather.com,accuweather.com,76,Weather,Americas,ipv4_only,True,False,184.29.120.37,,,,
bbc.com,bbc.com,81,News,Europe,dual_stack,True,True,151.101.192.81; 151.101.0.81; 151.101.64.81; 151.101.128.81,2a04:4e42:600::81; 2a04:4e42::81; 2a04:4e42:200::81; 2a04:4e42:400::81,,,
aol.com,aol.com,79,Portal,Americas,ipv4_only,True,False,13.248.158.7; 76.223.84.192,,,,
nfl.com,nfl.com,72,Sports,Americas,ipv4_only,True,False,151.101.129.153; 151.101.1.153; 151.101.193.153; 151.101.65.153,,,,
paypal.com,paypal.com,24,Finance,Americas,ipv4_only,True,False,162.159.141.96; 151.101.3.1; 151.101.195.1,,,,
salesforce.com,salesforce.com,26,Business Software,Americas,ipv4_only,True,False,23.1.35.132; 23.1.106.133; 104.109.10.129; 184.31.10.133; 104.109.11.129; 184.25.179.132; 184.31.3.130; 23.1.99.130,,,,
spotify.com,spotify.com,37,Music Streaming,Americas,dual_stack,True,True,35.186.224.24,2600:1901:1:7c5::,,,
hulu.com,hulu.com,38,Streaming,Americas,ipv4_only,True,False,23.48.247.236; 23.48.247.235,,,,
telegram.org,telegram.org,19,Messaging,Global,dual_stack,True,True,149.154.167.99,2001:67c:4e8:f004::9,,,
pinterest.com,pinterest.com,17,Social Media,Americas,ipv4_only,True,False,151.101.64.84; 151.101.0.84; 151.101.192.84; 151.101.128.84,,,,
tumblr.com,tumblr.com,33,Blogging Platform,Americas,ipv4_only,True,False,192.0.77.40,,,,
live.com,live.com,80,Email,Americas,ipv4_only,True,False,204.79.197.212,,,,
weather.com,weather.com,75,Weather,Americas,dual_stack,True,True,23.216.106.186,2600:1415:4c00:28c::2e03; 2600:1415:4c00:28f::2e03,,,
realtor.com,realtor.com,64,Real Estate,Americas,ipv4_only,True,False,54.69.137.186; 44.241.47.186; 54.148.10.73,,,,
twitch.tv,twitch.tv,16,Gaming/Streaming,Americas,ipv4_only,True,False,151.101.130.167; 151.101.2.167; 151.101.194.167; 151.101.66.167,,,,
yandex.ru,yandex.ru,88,Search,Europe,dual_stack,True,True,5.255.255.77; 77.88.55.88; 77.88.44.55,2a02:6b8:a::a,,,
facebook.com,facebook.com,3,Social Media,Global,dual_stack,True,True,157.240.8.35,2a03:2880:f119:8083:face:b00c:0:25de,,,
wikipedia.org,wikipedia.org,6,Reference,Global,dual_stack,True,True,103.102.166.224,2001:df2:e500:ed1a::1,,,
dropbox.com,dropbox.com,30,Cloud Storage,Americas,dual_stack,True,True,162.125.248.18,2620:100:6040:18::a27d:f812,,,
adobe.com,adobe.com,25,Software,Americas,dual_stack,True,True,123.253.149.186; 123.253.149.145,2403:5800:100:28::7bfd:95ba; 2403:5800:100:28::7bfd:9591,,,
netflix.com,netflix.com,10,Streaming,Americas,dual_stack,True,True,52.38.7.83; 44.240.158.19; 44.242.13.161,2600:1f14:62a:de82:822d:a423:9e4c:da8d; 2600:1f14:62a:de81:b848:82ee:2416:447e; 2600:1f14:62a:de80:69a8:7b12:8e5f:855d,,,
uber.com,uber.com,57,Transportation,Americas,ipv4_only,True,False,69.48.216.7,,,,
tiktok.com,tiktok.com,9,Social Media,Asia,ipv4_only,True,False,23.219.86.56; 23.219.86.96,,,,
microsoft.com,microsoft.com,11,Technology,Americas,dual_stack,True,True,13.107.246.31,2603:1030:b:3::152; 2603:1030:20e:3::23c; 2603:1030:c02:8::14; 2603:1020:201:10::10f; 2603:1010:3:3::5b,,,
craigslist.org,craigslist.org,62,Classifieds,Americas,ipv4_only,True,False,208.82.237.129,,,,
glassdoor.com,glassdoor.com,60,Job Reviews,Americas,ipv4_only,True,False,104.17.64.70; 104.16.25.46,,,,
bestbuy.com,bestbuy.com,48,Electronics,Americas,ipv4_only,True,False,23.209.89.27,,,,
expedia.com,expedia.com,55,Travel,Americas,ipv4_only,True,False,104.68.1.150,,,,
reuters.com,reuters.com,86,News,Europe,ipv4_only,True,False,155.46.172.255,,,,
nba.com,nba.com,73,Sports,Americas,ipv4_only,True,False,23.45.168.43; 23.45.168.41,,,,
yelp.com,yelp.com,61,Local Reviews,Americas,ipv4_only,True,False,199.232.136.116,,,,
ebay.com,ebay.com,22,E-commerce,Americas,ipv4_only,True,False,23.1.240.73; 23.1.240.66,,,,
shopify.com,shopify.com,31,E-commerce Platform,Americas,ipv4_only,True,False,23.227.38.33,,,,
booking.com,booking.com,54,Travel,Global,ipv4_only,True,False,18.155.216.12; 18.155.216.70; 18.155.216.90; 18.155.216.31,,,,
zoom.us,zoom.us,15,Video Conferencing,Americas,dual_stack,True,True,170.114.52.2,2407:30c0:182::aa72:3402,,,
stackoverflow.com,stackoverflow.com,29,Developer Community,Americas,ipv4_only,True,False,104.18.32.7; 172.64.155.249,,,,
epicgames.com,epicgames.com,105,Gaming,Americas,ipv4_only,True,False,54.90.55.218; 54.225.209.233; 3.233.81.147,,,,
target.com,target.com,47,Retail,Americas,ipv4_only,True,False,151.101.194.187; 151.101.2.187; 151.101.66.187; 151.101.130.187,,,,
quora.com,quora.com,35,Q&A Platform,Americas,ipv4_only,True,False,3.213.130.17; 3.222.81.212; 54.211.159.43; 3.221.51.54; 52.1.87.166,,,,
msn.com,msn.com,78,Portal,Americas,ipv4_only,True,False,204.79.197.219,,,,
indeed.com,indeed.com,59,Job Search,Americas,ipv4_only,True,False,162.159.130.67; 162.159.129.67,,,,
walmart.com,walmart.com,46,Retail,Americas,ipv4_only,True,False,23.209.88.224,,,,
youtube.com,youtube.com,2,Video,Global,dual_stack,True,True,172.217.167.110,2404:6800:4006:80b::200e,,,
twitter.com,twitter.com,4,Social Media,Global,ipv4_only,True,False,172.66.0.227,,,,
bankofamerica.com,bankofamerica.com,43,Banking,Americas,ipv4_only,True,False,171.159.228.150; 171.161.148.150,,,,
wordpress.com,wordpress.com,32,Blogging Platform,Americas,ipv4_only,True,False,192.0.78.17; 192.0.78.9,,,,
reddit.com,reddit.com,14,Forum,Americas,dual_stack,True,True,151.101.193.140; 151.101.1.140; 151.101.65.140; 151.101.129.140,2a04:4e42:200::396; 2a04:4e42:600::396; 2a04:4e42::396; 2a04:4e42:400::396,,,
americanexpress.com,americanexpress.com,45,Financial Services,Americas,ipv4_only,True,False,23.62.245.217,,,,
airbnb.com,airbnb.com,56,Travel,Americas,ipv4_only,True,False,166.117.189.176; 166.117.27.62,,,,
etsy.com,etsy.com,53,E-commerce,Americas,ipv4_only,True,False,151.101.129.224; 151.101.1.224; 151.101.193.224; 151.101.65.224,,,,
wsj.com,wsj.com,69,Financial News,Americas,ipv4_only,True,False,18.155.216.5; 18.155.216.63; 18.155.216.35; 18.155.216.23,,,,
macys.com,macys.com,52,Retail,Americas,ipv4_only,True,False,23.209.89.25,,,,
wellsfargo.com,wellsfargo.com,44,Banking,Americas,ipv4_only,True,False,23.45.168.51; 23.45.168.56,,,,
instagram.com,instagram.com,5,Social Media,Global,dual_stack,True,True,157.240.8.174,2a03:2880:f219:80e5:face:b00c:0:4420,,,
vimeo.com,vimeo.com,103,Video,Americas,ipv4_only,True,False,162.159.128.61; 162.159.138.60,,,,
primevideo.com,primevideo.com,40,Streaming,Americas,ipv4_only,True,False,18.155.216.95; 18.155.216.40; 18.155.216.39; 18.155.216.42,,,,
linkedin.com,linkedin.com,12,Professional Network,Global,dual_stack,True,True,150.171.22.12,2620:1ec:50::12,,,
google.com,google.com,1,Search,Global,dual_stack,True,True,142.250.66.238,2404:6800:4006:810::200e,,,
disneyplus.com,disneyplus.com,39,Streaming,Americas,dual_stack,True,True,34.110.155.89,2600:1901:0:84f4::80,,,
amazon.com,amazon.com,8,E-commerce,Americas,ipv4_only,True,False,54.239.28.85; 205.251.242.103; 52.94.236.248,,,,
discord.com,discord.com,13,Gaming/Chat,Americas,ipv4_only,True,False,162.159.128.233; 162.159.137.232; 162.159.138.232; 162.159.135.232; 162.159.136.232,,,,
skype.com,skype.com,20,Video Conferencing,Global,dual_stack,True,True,20.112.250.133; 20.70.246.20; 20.236.44.162; 20.231.239.246; 20.76.201.171,2603:1030:c02:8::14; 2603:1010:3:3::5b; 2603:1030:b:3::152; 2603:1020:201:10::10f; 2603:1030:20e:3::23c,,,
costco.com,costco.com,51,Retail,Americas,ipv4_only,True,False,23.209.90.27,,,,
duckduckgo.com,duckduckgo.com,87,Search,Europe,ipv4_only,True,False,20.43.111.112,,,,
medium.com,medium.com,34,Blogging Platform,Americas,dual_stack,True,True,162.159.153.4; 162.159.152.4,2606:4700:7::a29f:9804; 2606:4700:7::a29f:9904,,,
snapchat.com,snapchat.com,18,Social Media,Americas,ipv4_only,True,False,34.149.46.130,,,,
homedepot.com,homedepot.com,49,Home Improvement,Americas,ipv4_only,True,False,35.201.95.83,,,,
vk.com,vk.com,90,Social Media,Europe,ipv4_only,True,False,87.240.132.72; 87.240.137.164; 87.240.132.78; 87.240.132.67; 87.240.129.133; 93.186.225.194,,,,
apple.com,apple.com,27,Technology,Americas,dual_stack,True,True,17.253.144.10,2620:149:af0::10,,,
cnn.com,cnn.com,23,News,Americas,dual_stack,True,True,151.101.67.5; 151.101.3.5; 151.101.195.5; 151.101.131.5,2a04:4e42:a00::773; 2a04:4e42:e00::773; 2a04:4e42:200::773; 2a04:4e42:c00::773; 2a04:4e42:400::773; 2a04:4e42:600::773; 2a04:4e42::773; 2a04:4e42:800::773,,,
aliexpress.com,aliexpress.com,93,E-commerce,Global,ipv4_only,True,False,59.82.132.238; 59.82.118.164,,,,
github.com,github.com,28,Developer Platform,Americas,ipv4_only,True,False,4.237.22.38,,,,
dailymail.co.uk,dailymail.co.uk,84,News,Europe,dual_stack,True,True,23.209.89.28,2600:1415:8:29f::16c2; 2600:1415:8:29c::16c2; 2600:1415:8:293::16c2; 2600:1415:8:295::16c2; 2600:1415:8:28d::16c2,,,
chase.com,chase.com,42,Banking,Americas,ipv4_only,True,False,146.143.83.57; 146.143.13.57; 146.143.141.57,,,,
nytimes.com,nytimes.com,67,News,Americas,ipv4_only,True,False,151.101.193.164; 151.101.1.164; 151.101.129.164; 151.101.65.164,,,,
yahoo.com,yahoo.com,21,Portal,Americas,dual_stack,True,True,74.6.143.25; 74.6.231.20; 74.6.143.26; 98.137.11.164; 98.137.11.163; 74.6.231.21,2001:4998:44:3507::8000; 2001:4998:24:120d::1:1; 2001:4998:24:120d::1:0; 2001:4998:124:1507::f000; 2001:4998:44:3507::8001; 2001:4998:124:1507::f001,,,
theguardian.com,theguardian.com,83,News,Europe,dual_stack,True,True,151.101.129.111; 151.101.1.111; 151.101.65.111; 151.101.193.111,2a04:4e42::367; 2a04:4e42:200::367; 2a04:4e42:400::367; 2a04:4e42:600::367,,,
bbc.co.uk,bbc.co.uk,82,News,Europe,dual_stack,True,True,151.101.0.81; 151.101.128.81; 151.101.64.81; 151.101.192.81,2a04:4e42::81; 2a04:4e42:600::81; 2a04:4e42:400::81; 2a04:4e42:200::81,,,
telegraph.co.uk,telegraph.co.uk,85,News,Europe,ipv4_only,True,False,3.168.86.124; 3.168.86.65; 3.168.86.2; 3.168.86.24,,,,
zillow.com,zillow.com,63,Real Estate,Americas,ipv4_only,True,False,99.84.215.100; 99.84.215.109; 99.84.215.7; 99.84.215.85,,,,
espn.com,espn.com,71,Sports,Americas,dual_stack,True,True,18.155.229.64; 18.155.229.112; 18.155.229.79; 18.155.229.62,2600:9000:246a:7400:d:ac18:e2c0:93a1; 2600:9000:246a:b400:d:ac18:e2c0:93a1; 2600:9000:246a:c400:d:ac18:e2c0:93a1; 2600:9000:246a:e00:d:ac18:e2c0:93a1; 2600:9000:246a:5200:d:ac18:e2c0:93a1; 2600:9000:246a:5a00:d:ac18:e2c0:93a1; 2600:9000:246a:a800:d:ac18:e2c0:93a1; 2600:9000:246a:8200:d:ac18:e2c0:93a1,,,
roblox.com,roblox.com,109,Gaming,Americas,ipv4_only,True,False,128.116.51.3,,,,
trivago.com,trivago.com,94,Travel,Europe,dual_stack,True,True,23.209.88.64,2600:1415:4c00:28a::5d; 2600:1415:4c00:29a::5d,,,
washingtonpost.com,washingtonpost.com,68,News,Americas,ipv4_only,True,False,23.66.134.2,,,,
ubisoft.com,ubisoft.com,106,Gaming,Europe,ipv4_only,True,False,18.244.214.47; 18.244.214.54; 18.244.214.70; 18.244.214.10,,,,
ea.com,ea.com,107,Gaming,Americas,dual_stack,True,True,23.209.88.225,2600:1415:4c00:293::1127; 2600:1415:4c00:280::1127,,,
dailymotion.com,dailymotion.com,102,Video,Europe,ipv4_only,True,False,195.8.215.136,,,,
kayak.com,kayak.com,95,Travel,Global,dual_stack,True,True,151.101.1.29; 151.101.129.29; 151.101.193.29; 151.101.65.29,2a04:4e42::285; 2a04:4e42:600::285; 2a04:4e42:200::285; 2a04:4e42:400::285,,,
foxnews.com,foxnews.com,70,News,Americas,ipv4_only,True,False,184.31.253.155,,,,
easyjet.com,easyjet.com,98,Airlines,Europe,ipv4_only,True,False,23.219.86.73; 23.219.86.89,,,,
deezer.com,deezer.com,100,Music,Europe,ipv4_only,True,False,18.155.229.23; 18.155.229.109; 18.155.229.106; 18.155.229.129,,,,
lyft.com,lyft.com,58,Transportation,Americas,ipv4_only,True,False,18.155.216.5; 18.155.216.77; 18.155.216.25; 18.155.216.36,,,,
minecraft.net,minecraft.net,108,Gaming,Europe,ipv4_only,True,False,13.107.246.31; 13.107.213.31,,,,
lufthansa.com,lufthansa.com,99,Airlines,Europe,ipv4_only,True,False,20.101.251.232,,,,
amazon.co.uk,amazon.co.uk,113,E-commerce,Europe,ipv4_only,True,False,54.239.33.58; 178.236.7.220; 54.239.34.171,,,,
amazon.de,amazon.de,112,E-commerce,Europe,ipv4_only,True,False,52.95.120.34; 54.239.39.102; 176.32.108.185,,,,
lowes.com,lowes.com,50,Home Improvement,Americas,ipv4_only,True,False,23.219.86.88; 23.219.86.66,,,,
ing.nl,ing.nl,136,Banking,Europe,ipv4_only,True,False,23.62.249.100,,,,
soundcloud.com,soundcloud.com,101,Music,Europe,ipv4_only,True,False,18.155.229.57; 18.155.229.30; 18.155.229.78; 18.155.229.88,,,,
ing.com,ing.com,127,Banking,Europe,ipv4_only,True,False,23.62.249.110,,,,
amazon.fr,amazon.fr,114,E-commerce,Europe,ipv4_only,True,False,52.95.120.39; 52.95.116.113; 54.239.33.91,,,,
otto.de,otto.de,111,E-commerce,Europe,ipv4_only,True,False,52.57.61.23,,,,
tesco.com,tesco.com,139,Retail,Europe,ipv4_only,True,False,184.31.252.123,,,,
skyscanner.com,skyscanner.com,96,Travel,Europe,ipv4_only,True,False,76.223.21.241; 13.248.155.102,,,,
mediamarkt.com,mediamarkt.com,140,Electronics,Europe,ipv4_only,True,False,34.141.222.150,,,,
zalando.com,zalando.com,110,E-commerce,Europe,dual_stack,True,True,18.155.229.16; 18.155.229.71; 18.155.229.18; 18.155.229.51,2600:9000:246a:a800:14:68:5500:93a1; 2600:9000:246a:a600:14:68:5500:93a1; 2600:9000:246a:600:14:68:5500:93a1; 2600:9000:246a:8600:14:68:5500:93a1; 2600:9000:246a:8e00:14:68:5500:93a1; 2600:9000:246a:3000:14:68:5500:93a1; 2600:9000:246a:a00:14:68:5500:93a1; 2600:9000:246a:d000:14:68:5500:93a1,,,
carrefour.com,carrefour.com,138,Retail,Europe,dual_stack,True,True,104.18.35.216; 172.64.152.40,2a06:98c1:3106::ac40:9828; 2606:4700:440d::6812:23d8,,,
olx.com,olx.com,118,Classifieds,Global,ipv4_only,True,False,18.155.202.10; 18.155.202.51; 18.155.202.9; 18.155.202.78,,,,
gumtree.com,gumtree.com,117,Classifieds,Europe,ipv4_only,True,False,34.111.18.115,,,,
santander.com,santander.com,130,Banking,Europe,ipv4_only,True,False,45.223.176.248; 45.223.164.248,,,,
bbva.com,bbva.com,131,Banking,Europe,ipv4_only,True,False,23.216.119.165,,,,
rabobank.com,rabobank.com,137,Banking,Europe,dual_stack,True,True,23.45.168.56; 23.45.168.35,2600:1415:8::6875:b55a; 2600:1415:8::6875:b561,,,
bnpparibas.com,bnpparibas.com,128,Banking,Europe,dual_stack,True,True,23.62.242.13,2600:1415:8:28c::176e; 2600:1415:8:294::176e,,,
marktplaats.nl,marktplaats.nl,116,Classifieds,Europe,ipv4_only,True,False,13.249.74.84; 13.249.74.104; 13.249.74.52; 13.249.74.73,,,,
mercari.com,mercari.com,170,E-commerce,Asia,ipv4_only,True,False,18.155.229.58; 18.155.229.129; 18.155.229.60; 18.155.229.44,,,,
amazon.co.jp,amazon.co.jp,169,E-commerce,Asia,ipv4_only,True,False,52.119.168.48; 52.119.161.5; 52.119.164.121,,,,
steam.com,steam.com,104,Gaming,Americas,no_connectivity,False,False,,,,,
ryanair.com,ryanair.com,97,Airlines,Europe,dual_stack,True,True,18.239.199.66; 18.239.199.59; 18.239.199.65; 18.239.199.17,2600:9000:25ef:2000:13:9354:3800:93a1; 2600:9000:25ef:d800:13:9354:3800:93a1; 2600:9000:25ef:8000:13:9354:3800:93a1; 2600:9000:25ef:1600:13:9354:3800:93a1; 2600:9000:25ef:9800:13:9354:3800:93a1; 2600:9000:25ef:6800:13:9354:3800:93a1; 2600:9000:25ef:fe00:13:9354:3800:93a1; 2600:9000:25ef:f400:13:9354:3800:93a1,,,
barclays.co.uk,barclays.co.uk,132,Banking,Europe,ipv4_only,True,False,23.62.242.92,,,,
coupang.com,coupang.com,174,E-commerce,Asia,ipv4_only,True,False,18.155.229.82; 18.155.229.4; 18.155.229.74; 18.155.229.62,,,,
gmarket.co.kr,gmarket.co.kr,176,E-commerce,Asia,ipv4_only,True,False,183.111.134.78; 117.52.47.78,,,,
taobao.com,taobao.com,143,E-commerce,Asia,dual_stack,True,True,59.82.43.234; 59.82.44.240; 59.82.122.130; 59.82.121.163; 59.82.43.239; 59.82.43.238; 59.82.122.165; 59.82.122.140,2408:4001:f00::87; 2408:4001:f00::3c; 2401:b180:7003::aa; 2401:b180:7003::ed; 2401:b180:7003::6b; 2408:4001:f10::5e; 2401:b180:7003::25; 2408:4001:f10::6f,,,
flipkart.com,flipkart.com,177,E-commerce,Asia,ipv4_only,True,False,163.53.76.86,,,,
ubs.com,ubs.com,135,Banking,Europe,ipv4_only,True,False,193.134.111.71,,,,
douyin.com,douyin.com,147,Social Media,Asia,ipv4_only,True,False,122.14.229.64; 101.126.56.164; 122.14.229.63; 122.14.236.45; 101.126.56.165; 122.14.229.58,,,,
pinduoduo.com,pinduoduo.com,156,E-commerce,Asia,ipv4_only,True,False,124.156.123.148,,,,
phonepe.com,phonepe.com,181,Finance,Asia,ipv4_only,True,False,18.155.229.109; 18.155.229.118; 18.155.229.122; 18.155.229.111,,,,
paytm.com,paytm.com,180,Finance,Asia,ipv4_only,True,False,172.65.64.50; 172.65.64.51,,,,
creditsuisse.com,creditsuisse.com,134,Banking,Europe,ipv4_only,True,False,198.240.216.43,,,,
amazon.in,amazon.in,178,E-commerce,Asia,ipv4_only,True,False,52.95.120.67; 52.95.116.115; 54.239.33.92,,,,
livejournal.com,livejournal.com,92,Blogging,Europe,ipv4_only,True,False,81.19.74.1; 81.19.74.0,,,,
goibibo.com,goibibo.com,185,Travel,Asia,ipv4_only,True,False,15.197.238.104; 3.33.210.219,,,,
irctc.co.in,irctc.co.in,183,Transportation,Asia,ipv4_only,True,False,103.252.142.27,,,,
zomato.com,zomato.com,188,Food Delivery,Asia,ipv4_only,True,False,52.220.201.147; 52.220.40.96,,,,
leboncoin.fr,leboncoin.fr,115,Classifieds,Europe,ipv4_only,True,False,18.64.18.34; 18.64.18.49; 18.64.18.39; 18.64.18.60,,,,
alipay.com,alipay.com,161,Finance,Asia,dual_stack,True,True,110.75.130.45; 110.76.8.255,2400:b200:1005:3030::247; 2400:b200:1005:3030::27c,,,
zee5.com,zee5.com,191,Streaming,Asia,dual_stack,True,True,23.45.168.43; 23.45.168.48,2600:1415:8::6875:b569; 2600:1415:8::6875:b56a,,,
hsbc.com,hsbc.com,133,Banking,Global,ipv4_only,True,False,91.214.6.62; 193.108.75.62,,,,
redbus.in,redbus.in,186,Transportation,Asia,dual_stack,True,True,54.169.20.115; 18.136.238.143,2406:da18:bc5:6202:f840:f8b3:9c84:4f2f; 2406:da18:bc5:6201:9e6d:e5a5:3675:a33c,,,
wechat.com,wechat.com,146,Messaging,Asia,ipv4_only,True,False,43.155.124.49; 43.154.240.170,,,,
iqiyi.com,iqiyi.com,150,Video,Asia,dual_stack,True,True,202.108.14.124; 202.108.14.125; 202.108.14.120; 202.108.14.121,2408:8706:0:4997:202:108:14:124; 2408:8706:0:4997:202:108:14:120; 2408:8706:0:4997:202:108:14:125; 2408:8706:0:4997:202:108:14:121,,,
jiosaavn.com,jiosaavn.com,194,Music,Asia,dual_stack,True,True,20.244.240.164,2603:1040:d01:4::49,,,
naver.com,naver.com,171,Search,Asia,ipv4_only,True,False,223.130.200.219; 223.130.200.236; 223.130.192.247; 223.130.192.248,,,,
dianping.com,dianping.com,158,Reviews,Asia,dual_stack,True,True,202.90.108.5,2405:1480:1000:3::3,,,
wynk.in,wynk.in,196,Music,Asia,ipv4_only,True,False,35.227.223.190,,,,
shopee.com,shopee.com,198,E-commerce,Asia,ipv4_only,True,False,147.136.140.106,,,,
swiggy.com,swiggy.com,189,Food Delivery,Asia,ipv4_only,True,False,13.251.15.82; 52.76.106.255; 54.179.17.59,,,,
voot.com,voot.com,193,Streaming,Asia,ipv4_only,True,False,184.29.121.15,,,,
hotstar.com,hotstar.com,190,Streaming,Asia,ipv4_only,True,False,18.155.229.57; 18.155.229.12; 18.155.229.69; 18.155.229.94,,,,
grab.com,grab.com,197,Transportation,Asia,ipv4_only,True,False,18.155.216.28; 18.155.216.66; 18.155.216.89; 18.155.216.87,,,,
ctrip.com,ctrip.com,159,Travel,Asia,ipv4_only,True,False,117.135.161.18; 180.163.115.16; 114.80.56.121; 220.196.164.16; 117.131.27.7; 211.95.54.121,,,,
tokopedia.com,tokopedia.com,200,E-commerce,Asia,ipv4_only,True,False,47.74.244.18,,,,
usatoday.com,usatoday.com,77,News,Americas,ipv4_only,True,False,151.101.42.62,,,,
konga.com,konga.com,202,E-commerce,Africa,dual_stack,True,True,104.16.95.194; 104.19.160.200,2606:4700::6810:5fc2; 2606:4700::6813:a0c8,,,
makemytrip.com,makemytrip.com,184,Travel,Asia,ipv4_only,True,False,15.197.238.104; 3.33.210.219,,,,
takealot.com,takealot.com,203,E-commerce,Africa,dual_stack,True,True,104.16.71.64; 104.16.72.64,2606:4700::6810:4740; 2606:4700::6810:4840,,,
baidu.com,baidu.com,141,Search,Asia,ipv4_only,True,False,220.181.7.203; 39.156.70.37,,,,
gaana.com,gaana.com,195,Music,Asia,dual_stack,True,True,23.62.240.57,2600:1415:8:28a::2a5b; 2600:1415:8:298::2a5b,,,
myntra.com,myntra.com,179,E-commerce,Asia,ipv4_only,True,False,23.42.233.92,,,,
iol.co.za,iol.co.za,212,News,Africa,dual_stack,True,True,172.66.168.156; 104.20.43.164,2606:4700:10::ac42:a89c; 2606:4700:10::6814:2ba4,,,
ola.cab,ola.cab,187,Transportation,Asia,no_connectivity,False,False,,,,,
googlepay.com,googlepay.com,182,Finance,Global,no_connectivity,False,False,,,,,
163.com,163.com,151,Email,Asia,ipv4_only,True,False,59.111.160.244,,,,
126.com,126.com,152,Email,Asia,ipv4_only,True,False,111.124.203.38,,,,
careers24.com,careers24.com,209,Job Search,Africa,dual_stack,True,True,104.18.218.28; 104.18.219.28,2606:4700::6812:db1c; 2606:4700::6812:da1c,,,
tmall.com,tmall.com,144,E-commerce,Asia,dual_stack,True,True,59.82.44.45; 59.82.43.82; 59.82.133.159; 59.82.133.135; 59.82.44.54; 59.82.44.30; 59.82.133.133; 59.82.120.115,2408:4001:f00::28f; 2408:4001:f10::5c; 2408:4001:f00::1fb; 2401:b180:7003::2d3; 2408:4001:f10::e2; 2401:b180:7003::101; 2401:b180:7003::2bf; 2401:b180:7003::27f,,,
avito.ru,avito.ru,120,Classifieds,Europe,ipv4_only,True,False,176.114.122.24; 176.114.124.24; 176.114.120.24,,,,
meituan.com,meituan.com,157,Food Delivery,Asia,ipv4_only,True,False,43.132.29.159,,,,
news24.com,news24.com,211,News,Africa,dual_stack,True,True,104.17.251.6; 104.17.250.6,2606:4700::6811:fb06; 2606:4700::6811:fa06,,,
qq.com,qq.com,142,Portal,Asia,ipv4_only,True,False,113.108.81.189; 203.205.254.157; 123.150.76.218,,,,
tenpay.com,tenpay.com,162,Finance,Asia,ipv4_only,True,False,0.0.0.1,,,,
bidorbuy.co.za,bidorbuy.co.za,204,E-commerce,Africa,dual_stack,True,True,172.67.133.125; 104.21.5.134,2606:4700:3033::6815:586; 2606:4700:3033::ac43:857d,,,
bbc.com,bbc.com,225,News,Africa,dual_stack,True,True,151.101.0.81; 151.101.64.81; 151.101.128.81; 151.101.192.81,2a04:4e42::81; 2a04:4e42:200::81; 2a04:4e42:400::81; 2a04:4e42:600::81,,,
aljazeera.com,aljazeera.com,223,News,Africa,ipv4_only,True,False,13.49.20.128; 13.48.75.192; 16.170.78.122,,,,
daum.net,daum.net,172,Portal,Asia,ipv4_only,True,False,211.249.220.24; 121.53.105.193,,,,
noon.com,noon.com,222,E-commerce,Africa,ipv4_only,True,False,34.54.128.238,,,,
ccb.com,ccb.com,164,Banking,Asia,dual_stack,True,True,111.205.169.25,240e:604:104:31::25,,,
souq.com,souq.com,221,E-commerce,Africa,ipv4_only,True,False,52.17.202.108; 52.208.97.171,,,,
youm7.com,youm7.com,229,News,Africa,dual_stack,True,True,104.18.12.212; 104.18.13.212,2606:4700::6812:cd4; 2606:4700::6812:dd4,,,
yahoo.co.jp,yahoo.co.jp,167,Portal,Asia,ipv4_only,True,False,182.22.25.124; 183.79.219.124; 182.22.16.123; 183.79.249.252; 182.22.24.124; 183.79.249.124; 182.22.24.252; 182.22.25.252; 124.83.185.124; 124.83.184.124; 183.79.250.251; 183.79.219.252; 182.22.31.124; 124.83.185.252; 182.22.31.252; 124.83.184.252; 182.22.16.251; 182.22.28.252,,,,
alarabiya.net,alarabiya.net,224,News,Africa,ipv4_only,True,False,35.189.113.23,,,,
rakuten.co.jp,rakuten.co.jp,168,E-commerce,Asia,ipv4_only,True,False,133.237.180.69,,,,
filgoal.com,filgoal.com,226,Sports,Africa,dual_stack,True,True,172.66.139.12; 172.66.134.250,2606:4700:10::ac42:8b0c; 2606:4700:10::ac42:86fa,,,
hespress.com,hespress.com,231,News,Africa,dual_stack,True,True,104.18.23.196; 104.18.22.196,2606:4700::6812:17c4; 2606:4700::6812:16c4,,,
masrawy.com,masrawy.com,228,News,Africa,ipv4_only,True,False,172.66.136.4; 172.66.137.156,,,,
kakao.com,kakao.com,173,Messaging,Asia,ipv4_only,True,False,211.249.251.46; 211.242.11.41; 121.53.93.60,,,,
elwatan.com,elwatan.com,230,News,Africa,ipv4_only,True,False,104.21.44.186; 172.67.202.223,,,,
sonyliv.com,sonyliv.com,192,Streaming,Asia,dual_stack,True,True,52.77.194.240,2406:da18:eaf:1c2b:c44e:4643:465c:5005; 2406:da18:eaf:1c11:d7e:c24c:232f:90db; 2406:da18:eaf:1c0b:98a6:bba8:fafe:c6ad,,,
gtbank.com,gtbank.com,235,Banking,Africa,ipv4_only,True,False,45.60.52.99; 45.60.46.99,,,,
deutschebank.de,deutschebank.de,129,Banking,Europe,ipv4_only,True,False,160.83.8.144,,,,
tinkoff.ru,tinkoff.ru,126,Banking,Europe,ipv4_only,True,False,178.130.128.27,,,,
premiumtimesng.com,premiumtimesng.com,242,News,Africa,dual_stack,True,True,172.67.73.132; 104.26.11.163; 104.26.10.163,2606:4700:20::ac43:4984; 2606:4700:20::681a:ba3; 2606:4700:20::681a:aa3,,,
vanguardngr.com,vanguardngr.com,241,News,Africa,dual_stack,True,True,172.66.154.114; 104.20.18.4,2606:4700:10::ac42:9a72; 2606:4700:10::6814:1204,,,
orange.com,orange.com,233,Telecommunications,Global,ipv4_only,True,False,90.84.180.167,,,,
privateproperty.co.za,privateproperty.co.za,208,Real Estate,Africa,ipv4_only,True,False,13.94.101.138,,,,
nairaland.com,nairaland.com,244,Forum,Africa,ipv4_only,True,False,172.66.135.108; 172.66.138.206,,,,
weibo.com,weibo.com,145,Social Media,Asia,ipv4_only,True,False,36.51.224.126; 36.51.224.123,,,,
sohu.com,sohu.com,154,Portal,Asia,ipv4_only,True,False,61.135.164.50,,,,
mail.ru,mail.ru,89,Email,Europe,ipv4_only,True,False,90.156.232.4; 185.180.201.1; 89.221.239.1,,,,
bellanaija.com,bellanaija.com,246,Lifestyle,Africa,ipv4_only,True,False,172.67.132.46; 104.21.12.155,,,,
jumia.com,jumia.com,201,E-commerce,Africa,ipv4_only,True,False,104.16.196.130; 104.16.197.130,,,,
ok.ru,ok.ru,91,Social Media,Europe,ipv4_only,True,False,5.61.23.11; 217.20.155.13; 217.20.147.1,,,,
11st.co.kr,11st.co.kr,175,E-commerce,Asia,ipv4_only,True,False,113.217.247.90,,,,
linda-ikeji.blogspot.com,linda-ikeji.blogspot.com,245,Blog,Africa,dual_stack,True,True,142.250.66.225,2404:6800:4006:810::2001,,,
youku.com,youku.com,149,Video,Asia,dual_stack,True,True,106.11.43.183,2408:4001:f10::8; 2408:4001:f00::3a; 2408:4001:f10::fd; 2408:4001:f00::1af,,,
lazada.com,lazada.com,199,E-commerce,Asia,ipv4_only,True,False,47.246.167.254; 47.246.165.182; 47.246.167.7; 47.246.165.111; 47.246.167.114; 47.246.165.110; 47.246.165.39; 47.246.167.10,,,,
sina.com.cn,sina.com.cn,153,News,Asia,ipv4_only,True,False,36.51.254.91,,,,
jd.com,jd.com,155,E-commerce,Asia,ipv4_only,True,False,211.144.24.218; 106.39.171.134; 111.13.149.108; 211.144.27.126,,,,
wildberries.ru,wildberries.ru,122,E-commerce,Europe,ipv4_only,True,False,185.62.202.2,,,,
mtn.com,mtn.com,219,Telecommunications,Africa,ipv4_only,True,False,192.0.66.200,,,,
ewn.co.za,ewn.co.za,213,News,Africa,dual_stack,True,True,172.67.74.207; 104.26.8.50; 104.26.9.50,2606:4700:20::681a:832; 2606:4700:20::681a:932; 2606:4700:20::ac43:4acf,,,
bilibili.com,bilibili.com,148,Video,Asia,ipv4_only,True,False,47.103.24.173; 139.159.241.37; 119.3.70.188; 8.134.50.24,,,,
allegro.pl,allegro.pl,119,E-commerce,Europe,ipv4_only,True,False,185.31.27.160,,,,
vtb.ru,vtb.ru,125,Banking,Europe,ipv4_only,True,False,195.242.83.13; 195.242.82.13,,,,
capitecbank.co.za,capitecbank.co.za,218,Banking,Africa,ipv4_only,True,False,217.114.94.2,,,,
gumtree.co.za,gumtree.co.za,205,Classifieds,Africa,ipv4_only,True,False,13.107.246.56,,,,
icbc.com.cn,icbc.com.cn,163,Banking,Asia,dual_stack,True,True,180.169.80.158,2408:8026:a0:1000::18b,,,
lamoda.ru,lamoda.ru,121,E-commerce,Europe,ipv4_only,True,False,178.248.232.33,,,,
uba.africa,uba.africa,239,Banking,Africa,no_connectivity,False,False,,,,,
pnet.co.za,pnet.co.za,210,Job Search,Africa,ipv4_only,True,False,18.202.153.4; 54.73.97.156; 108.128.24.60,,,,
legit.ng,legit.ng,243,News,Africa,ipv4_only,True,False,18.155.229.104; 18.155.229.77; 18.155.229.3; 18.155.229.106,,,,
pulse.ng,pulse.ng,247,News,Africa,ipv4_only,True,False,178.63.30.137,,,,
techpoint.africa,techpoint.africa,249,Technology,Africa,ipv4_only,True,False,162.159.134.42,,,,
vodacom.co.za,vodacom.co.za,220,Telecommunications,Africa,ipv4_only,True,False,41.192.255.27,,,,
absa.co.za,absa.co.za,216,Banking,Africa,dual_stack,True,True,178.79.178.218,2a01:7e00:e000:3f7::,,,
guardian.ng,guardian.ng,248,News,Africa,dual_stack,True,True,104.21.64.100; 172.67.181.21,2606:4700:3031::ac43:b515; 2606:4700:3037::6815:4064,,,
firstbanknigeria.com,www.firstbanknigeria.com,238,Banking,Africa,ipv4_only,True,False,18.155.216.121; 18.155.216.35; 18.155.216.4; 18.155.216.58,,,,
sberbank.ru,sberbank.ru,124,Banking,Europe,ipv4_only,True,False,84.252.149.206,,,,
menara.ma,menara.ma,232,Portal,Africa,ipv4_only,True,False,81.192.44.25,,,,
ozon.ru,ozon.ru,123,E-commerce,Europe,ipv4_only,True,False,185.73.194.82; 185.73.193.68,,,,
property24.com,property24.com,207,Real Estate,Africa,ipv4_only,True,False,80.88.11.43,,,,
accessbankplc.com,accessbankplc.com,236,Banking,Africa,ipv4_only,True,False,159.60.133.8,,,,
fnb.co.za,fnb.co.za,215,Banking,Africa,ipv4_only,True,False,196.11.125.167,,,,
zenithbank.com,zenithbank.com,237,Banking,Africa,ipv4_only,True,False,45.60.46.43; 45.60.50.43,,,,
olx.co.za,olx.co.za,206,Classifieds,Africa,ipv4_only,True,False,80.88.11.43,,,,
punch.ng,punch.ng,240,News,Africa,ipv4_only,True,False,34.117.176.22,,,,
standardbank.co.za,standardbank.co.za,214,Banking,Africa,ipv4_only,True,False,104.17.173.38; 104.17.172.38,,,,
nedbank.co.za,nedbank.co.za,217,Banking,Africa,ipv4_only,True,False,168.142.204.15,,,,
boc.cn,www.boc.cn,165,Banking,Asia,dual_stack,True,True,117.131.115.47,2408:8606:2300:0:12::12,,,
safaricom.co.ke,safaricom.co.ke,250,Telecommunications,Africa,ipv4_only,True,False,45.223.18.17; 45.223.28.17,,,,
abchina.com,www.abchina.com,166,Banking,Asia,dual_stack,True,True,163.171.196.45; 163.171.197.110; 163.171.197.13,2a01:53c0:ffe2::14; 2a01:53c0:ffe3::7f; 2a01:53c0:ffe3::29,,,
mtn.ng,mtn.ng,234,Telecommunications,Africa,ipv4_only,True,False,197.210.3.42,,,,
12306.cn,12306.cn,160,Transportation,Asia,dual_stack,True,True,112.67.249.77; 125.77.130.13,240e:964:ea00::13b; 240e:615:6f0e:e::472,,,
koooora.com,koooora.com,227,Sports,Africa,no_connectivity,False,False,,,,,
